{
        "name": "My Codespace",
            "image": "mcr.microsoft.com/vscode/devcontainers/python:3.8",
                "postStartCommand": "python3 /workspaces/VENOMxDDOS/m.py",
                    "customizations": {
                            "vscode": {
                                        "settings": {
                                                        "python.pythonPath": "/usr/local/bin/python"
                                                                    },
                                                                                "extensions": [
                                                                                                "ms-python.python"
                                                                                                            ]
                                                                                                                    }
                                                                                                                        }
                                                                                                                        }









